{"cameraMode":{"drawMode":0,"name":"Shaded","section":"Shading Mode"},"sceneLighting":true,"audioPlay":false,"sceneViewState":{"m_AlwaysRefresh":false,"showFog":true,"showSkybox":true,"showFlares":true,"showImageEffects":true,"showParticleSystems":true,"showVisualEffectGraphs":true,"m_FxEnabled":true},"in2DMode":false,"pivot":{"x":166.11502075195313,"y":25.508832931518556,"z":631.9293212890625},"rotation":{"x":0.016284503042697908,"y":-0.5672839283943176,"z":0.011279420927166939,"w":0.8233112096786499},"size":151.171142578125,"orthographic":false}