{"cameraMode":{"drawMode":0,"name":"Shaded","section":"Shading Mode"},"sceneLighting":true,"audioPlay":false,"sceneViewState":{"m_AlwaysRefresh":false,"showFog":true,"showSkybox":true,"showFlares":true,"showImageEffects":true,"showParticleSystems":true,"showVisualEffectGraphs":true,"m_FxEnabled":true},"in2DMode":false,"pivot":{"x":290.12628173828127,"y":20.777523040771486,"z":668.3787841796875},"rotation":{"x":0.0016478202305734158,"y":-0.40257635712623598,"z":0.0007500266074202955,"w":0.9154077768325806},"size":28.92099380493164,"orthographic":false}