{"cameraMode":{"drawMode":0,"name":"Shaded","section":"Shading Mode"},"sceneLighting":true,"audioPlay":false,"sceneViewState":{"m_AlwaysRefresh":false,"showFog":true,"showSkybox":true,"showFlares":true,"showImageEffects":true,"showParticleSystems":true,"showVisualEffectGraphs":true,"m_FxEnabled":true},"in2DMode":false,"pivot":{"x":393.77081298828127,"y":69.49180603027344,"z":-10.555709838867188},"rotation":{"x":-0.08120449632406235,"y":0.020350193604826928,"z":-0.0017458766233175994,"w":-0.9965198040008545},"size":184.10357666015626,"orthographic":false}