{"cameraMode":{"drawMode":0,"name":"Shaded","section":"Shading Mode"},"sceneLighting":false,"audioPlay":false,"sceneViewState":{"m_AlwaysRefresh":false,"showFog":true,"showSkybox":false,"showFlares":true,"showImageEffects":true,"showParticleSystems":true,"showVisualEffectGraphs":true,"m_FxEnabled":true},"in2DMode":false,"pivot":{"x":2.169081687927246,"y":0.04582381621003151,"z":-0.8517515063285828},"rotation":{"x":-0.0024514419492334129,"y":-0.9779051542282105,"z":0.20875020325183869,"w":-0.011447463184595108},"size":2.64281964302063,"orthographic":false}